,Fold,RMSE,MAE,MAPE,R2,Fold Time
0,1.0,0.27127821450113654,0.18082758619488298,3471.93128667689,0.8490647305915765,89.27769708633423
1,2.0,0.0678560661489436,0.048636283495488083,273.5550968571683,0.9890962904007217,85.52053427696228
2,3.0,0.0887482379923085,0.055707561575167236,4215.792139893059,0.9831636739629711,87.00009894371033
3,4.0,0.09458330832221357,0.05206019907526892,240.6433507049309,0.9805955511959117,85.07365155220032
4,5.0,0.050760457861565064,0.03617054231630257,5656.2691945492115,0.9933177402198768,84.9091124534607
Mean,,0.11464525696523345,0.07468043453142197,2771.638213736252,0.9590475972742116,86.35621886253357
Std,,0.07984674908252994,0.05347929013772421,2169.9512022824824,0.0551715453706485,
