,Fold,RMSE,MAE,MAPE,R2,Fold Time
0,1.0,0.25436945732856264,0.1571039667345976,5355.668989843355,0.8321960341579703,107.32460379600525
1,2.0,0.2527995667487279,0.14953828671920047,5543.923936448196,0.8342609121612046,98.54448366165161
2,3.0,0.2581256915410508,0.15138428694627265,5432.03435868932,0.8272035727485926,98.97419905662537
3,4.0,0.261614060702126,0.1531541049560887,5468.991889865813,0.8225015939425764,104.02101421356201
4,5.0,0.26326473169968323,0.15507106321742822,5345.565694123367,0.8202546520571818,101.13541650772095
Mean,,0.25803470160403014,0.15325034171471752,5429.236973794011,0.8272833530135051,101.99994344711304
Std,,0.004025269135728579,0.002662188076998659,73.69465302348345,0.005386928429510203,
